<?xml version="1.0" encoding="UTF-8"?>
<project-private xmlns="http://www.netbeans.org/ns/project-private/1">
    <editor-bookmarks xmlns="http://www.netbeans.org/ns/editor-bookmarks/2" lastBookmarkId="0"/>
    <open-files xmlns="http://www.netbeans.org/ns/projectui-open-files/2">
        <group>
            <file>file:/home/rgi/NetBeansProjects/Nyagua-5.2.2/src/nyagua/Bundle_de_DE.properties</file>
            <file>file:/home/rgi/NetBeansProjects/Nyagua-5.2.2/src/nyagua/Application.java</file>
            <file>file:/home/rgi/NetBeansProjects/Nyagua-5.2.2/src/nyagua/data/Reading.java</file>
            <file>file:/home/rgi/NetBeansProjects/Nyagua-5.2.2/src/nyagua/Bundle.properties</file>
            <file>file:/home/rgi/NetBeansProjects/Nyagua-5.2.2/src/nyagua/ReadingsPanel.java</file>
        </group>
    </open-files>
</project-private>
